{
    "variables": {
        "aws_access_key": "{{env `AWS_ACCESS_KEY`}}",
        "aws_secret_key": "{{env `AWS_SECRET_KEY`}}"
    },
    "builders": [
        {
            "type": "amazon-ebs",
            "access_key": "{{user `aws_access_key`}}",
            "secret_key": "{{user `aws_secret_key`}}",
            "region": "us-east-1",
            "source_ami_filter": {
                "filters": {
                    "name": "debian-12-*-amd64-hvm-*",
                    "root-device-type": "ebs",
                    "virtualization-type": "hvm",
                    "architecture": "x86_64"
                },
                "most_recent": true
            },
            "instance_type": "t2.micro",
            "ssh_username": "admin",
            "ami_name": "my-custom-ami-{{timestamp}}"
        }
    ],
    "provisioners": [
        {
            "type": "shell",
            "script": "install-your-application.sh" 
        },
        {
            "type": "shell",
            "script": "install-mysql.sh"
        }
    ]
}